User Name,Favorite Category
Emily Johnson,
Michael Williams,
Sophia Brown,
James Davis,
Emma Miller,
Olivia Wilson,mobile-accessories
Alexander Jones,
Ava Taylor,
Ethan Martinez,
Isabella Anderson,
Liam Garcia,furniture
Mia Rodriguez,
Noah Hernandez,
Charlotte Lopez,
William Gonzalez,sports-accessories
Avery Perez,
Evelyn Sanchez,
Logan Torres,
Abigail Rivera,
Jackson Evans,beauty
Madison Collins,
Elijah Stewart,
Chloe Morales,groceries
Mateo Nguyen,
Harper Kelly,
Evelyn Gonzalez,
Daniel Cook,
Lily Lee,
Henry Hill,
Addison Wright,
Gabriel Adams,
Natalie Harris,
Carter Baker,vehicle
Sofia Mitchell,
Jack Ward,sports-accessories
Harper Turner,
Mason Parker,
Aria Roberts,
Lucas Gray,
Ella Adams,
Evan Reed,groceries
Avery Carter,kitchen-accessories
Benjamin Foster,
Scarlett Wright,
Lincoln Kelly,
Hannah Robinson,
Nicholas Bailey,
Luna Russell,
Jacob Cooper,
Stella Hughes,groceries
Eli Bennett,
Grace Perry,groceries
Lucas Gordon,
Ava Harrison,
Owen Fisher,
Samantha Howard,
Nathan Dixon,
Bella Grant,
Ethan Fletcher,groceries
Lillian Simmons,
Mason Pearson,
Leah Henderson,
Logan Lawson,
Avery Barnes,
Caleb Perkins,
Aria Ferguson,groceries
Gabriel Hayes,kitchen-accessories
Layla Sullivan,
Christopher West,
Zoe Nicholson,
Nolan Bryant,
Victoria McDonald,
Max Russell,
Penelope Harper,
Ryan Graham,groceries
Madeline Simpson,
Jonathan Pierce,
Eleanor Tyler,
Isaac Lawrence,
Hazel Gardner,
Austin Hudson,groceries
Lillian Bishop,
Dylan Wells,
Aaliyah Hanson,
Cameron Burke,
Nora Mills,furniture
Hunter Gordon,groceries
Aubrey Wagner,
Brayden Fleming,
Scarlett Bowman,mobile-accessories
Levi Hicks,
Autumn Gomez,
Julian Newton,kitchen-accessories
Ruby Andrews,kitchen-accessories
Miles Stevenson,
Aurora Lawson,
Oscar Powers,
Clara Berry,
Gavin Stanley,
Lila Hudson,
Grace Green,
Lucas Allen,
Chloe Roberts,
Jackson Morales,
Zoe Bennett,
Carter Rivera,
Nora Russell,
Elijah Cruz,
Madison Stewart,
Gabriel Bailey,
Lily Torres,fragrances
Elijah Hill,
Hannah Howard,
Owen Sullivan,
Aria Parker,
Grayson Coleman,
Ella Cook,beauty
Luke Cooper,kitchen-accessories
Leah Hughes,mobile-accessories
Henry Turner,fragrances
Aurora Barnes,
Wyatt Perry,
Stella Morris,
Alice Smith,beauty
John Doe,
Emily Brown,
Michael Johnson,mobile-accessories
Emma Wilson,
David Martinez,
Olivia Anderson,
James Garcia,
Sophia Jones,
Daniel Taylor,
Isabella Jackson,
Alexander Hernandez,kitchen-accessories
Mia Miller,
Ethan Thompson,
Charlotte Davis,
William Lopez,
Amelia Perez,
Benjamin Wilson,
Liam Gonzalez,
Evelyn Walker,
Ava Harris,
Liam Smith,beauty
Harper King,
Noah Lewis,
Logan Lee,
Avery Scott,
Mason Wright,
Nathan Reed,
Paisley Bell,
Christian Perez,kitchen-accessories
Bella Gonzalez,
Nicholas Edwards,
Mila Hernandez,
Aaron Cook,
Aubrey Gutierrez,
Eli Ward,
Claire Foster,mens-watches
James Gonzales,
Mateo Bennett,
Julian James,
Addison Ward,groceries
Leo Rivera,
Elena Long,
Evan Wright,
Luna Perez,
Jaxon Barnes,
Penelope King,laptops
Connor Baker,
Ariana Ross,groceries
Asher Scott,
Sadie Morales,
Gabriel Mitchell,
Aaliyah Martinez,groceries
Xavier Wright,vehicle
Savannah Gomez,
Tyler Davis,
Aurora Rodriguez,
Brandon Collins,kitchen-accessories
Ellie Stewart,
Cameron Perez,
Natalie Price,fragrances
Henry Adams,
Harper Garcia,
Zachary Lee,kitchen-accessories
Aria Flores,
Tristan Scott,groceries
Leah Gutierrez,
Layla Young,
Nolan Gonzalez,
Hazel Evans,
Brayden Hill,womens-dresses
Violet Roberts,
Lucas Ramirez,
Eleanor Collins,
Max Parker,
Vivian Carter,
Adrian Flores,groceries
Maya Reed,
Caleb Nelson,kitchen-accessories
Nova Cooper,kitchen-accessories
Mateo Perez,
Aubrey Garcia,
Elena Baker,
Jace Smith,
Samantha Martinez,
